{
  "timestamp": 1759573698948,
  "config": {
    "fixtures": [
      "complex"
    ],
    "renderers": [
      "vhtml",
      "mio"
    ],
    "chunkSizes": [
      5
    ],
    "delays": [
      1
    ],
    "repeats": 10
  },
  "comparisons": [
    {
      "group": "complex-c5-d1",
      "fixture": "complex",
      "chunkSize": 5,
      "delay": 1,
      "n": 10,
      "avgPerChunk": {
        "vhtml": {
          "n": 10,
          "mean": 15.28869426751711,
          "median": 15.285987261225985,
          "min": 15.267834394766837,
          "max": 15.31082802529263,
          "p25": 15.278025477744972,
          "p75": 15.301910828182082,
          "p95": 15.31082802529263,
          "p99": 15.31082802529263,
          "stdDev": 0.013558241641767683
        },
        "mio": {
          "n": 10,
          "mean": 15.265700636942913,
          "median": 15.261146496833081,
          "min": 15.21273885360047,
          "max": 15.35031847127826,
          "p25": 15.247770700627452,
          "p75": 15.2738853503422,
          "p95": 15.35031847127826,
          "p99": 15.35031847127826,
          "stdDev": 0.03477498475372991
        },
        "effectSize": 0.8712191831168019
      },
      "p95PerChunk": {
        "vhtml": {
          "n": 10,
          "mean": 16.010000000149013,
          "median": 16,
          "min": 15.899999998509884,
          "max": 16.100000001490116,
          "p25": 16,
          "p75": 16.099999997764826,
          "p95": 16.100000001490116,
          "p99": 16.100000001490116,
          "stdDev": 0.06999999997871263
        },
        "mio": {
          "n": 10,
          "mean": 15.999999999627471,
          "median": 16,
          "min": 15.899999998509884,
          "max": 16.100000001490116,
          "p25": 15.900000002235174,
          "p75": 16.099999997764826,
          "p95": 16.100000001490116,
          "p99": 16.100000001490116,
          "stdDev": 0.0774596666355886
        },
        "effectSize": 0.13545709965666047
      },
      "maxNodes": {
        "vhtml": {
          "n": 10,
          "mean": 144,
          "median": 144,
          "min": 144,
          "max": 144,
          "p25": 144,
          "p75": 144,
          "p95": 144,
          "p99": 144,
          "stdDev": 0
        },
        "mio": {
          "n": 10,
          "mean": 144,
          "median": 144,
          "min": 144,
          "max": 144,
          "p25": 144,
          "p75": 144,
          "p95": 144,
          "p99": 144,
          "stdDev": 0
        },
        "effectSize": null
      },
      "finalNodes": {
        "vhtml": {
          "n": 10,
          "mean": 144,
          "median": 144,
          "min": 144,
          "max": 144,
          "p25": 144,
          "p75": 144,
          "p95": 144,
          "p99": 144,
          "stdDev": 0
        },
        "mio": {
          "n": 10,
          "mean": 144,
          "median": 144,
          "min": 144,
          "max": 144,
          "p25": 144,
          "p75": 144,
          "p95": 144,
          "p99": 144,
          "stdDev": 0
        },
        "effectSize": null
      }
    }
  ]
}