{
  "timestamp": 1759573686150,
  "totalRuns": 20,
  "config": {
    "fixtures": [
      "complex"
    ],
    "renderers": [
      "vhtml",
      "mio"
    ],
    "chunkSizes": [
      5
    ],
    "delays": [
      1
    ],
    "repeats": 10
  },
  "runs": [
    {
      "file": "run-complex-vhtml-c5-d1-r0.json",
      "fixture": "complex",
      "renderer": "vhtml",
      "chunkSize": 5,
      "delay": 1,
      "repeat": 0,
      "aggregates": {
        "avgPerChunk": 15.28630573253865,
        "medianPerChunk": 15.300000000745058,
        "p95PerChunk": 16.100000001490116,
        "p99PerChunk": 16.399999998509884,
        "maxNodes": 144,
        "finalNodes": 144,
        "finalHtmlLength": 2217
      },
      "summary": {
        "totalMs": 5235.800000000745,
        "totalRenderMs": 4799.900000017136,
        "chunks": 314
      }
    },
    {
      "file": "run-complex-vhtml-c5-d1-r1.json",
      "fixture": "complex",
      "renderer": "vhtml",
      "chunkSize": 5,
      "delay": 1,
      "repeat": 1,
      "aggregates": {
        "avgPerChunk": 15.286942675069069,
        "medianPerChunk": 15.300000000745058,
        "p95PerChunk": 16,
        "p99PerChunk": 16.300000000745058,
        "maxNodes": 144,
        "finalNodes": 144,
        "finalHtmlLength": 2217
      },
      "summary": {
        "totalMs": 5228.599999997765,
        "totalRenderMs": 4800.099999971688,
        "chunks": 314
      }
    },
    {
      "file": "run-complex-vhtml-c5-d1-r2.json",
      "fixture": "complex",
      "renderer": "vhtml",
      "chunkSize": 5,
      "delay": 1,
      "repeat": 2,
      "aggregates": {
        "avgPerChunk": 15.28566878991332,
        "medianPerChunk": 15.300000000745058,
        "p95PerChunk": 16,
        "p99PerChunk": 16.300000000745058,
        "maxNodes": 144,
        "finalNodes": 144,
        "finalHtmlLength": 2217
      },
      "summary": {
        "totalMs": 5227.5,
        "totalRenderMs": 4799.700000032783,
        "chunks": 314
      }
    },
    {
      "file": "run-complex-vhtml-c5-d1-r3.json",
      "fixture": "complex",
      "renderer": "vhtml",
      "chunkSize": 5,
      "delay": 1,
      "repeat": 3,
      "aggregates": {
        "avgPerChunk": 15.31082802529263,
        "medianPerChunk": 15.399999998509884,
        "p95PerChunk": 16.099999997764826,
        "p99PerChunk": 16.399999998509884,
        "maxNodes": 144,
        "finalNodes": 144,
        "finalHtmlLength": 2217
      },
      "summary": {
        "totalMs": 5224.5,
        "totalRenderMs": 4807.5999999418855,
        "chunks": 314
      }
    },
    {
      "file": "run-complex-vhtml-c5-d1-r4.json",
      "fixture": "complex",
      "renderer": "vhtml",
      "chunkSize": 5,
      "delay": 1,
      "repeat": 4,
      "aggregates": {
        "avgPerChunk": 15.309235668889466,
        "medianPerChunk": 15.399999998509884,
        "p95PerChunk": 15.900000002235174,
        "p99PerChunk": 16.399999998509884,
        "maxNodes": 144,
        "finalNodes": 144,
        "finalHtmlLength": 2217
      },
      "summary": {
        "totalMs": 5223.60000000149,
        "totalRenderMs": 4807.100000031292,
        "chunks": 314
      }
    },
    {
      "file": "run-complex-vhtml-c5-d1-r5.json",
      "fixture": "complex",
      "renderer": "vhtml",
      "chunkSize": 5,
      "delay": 1,
      "repeat": 5,
      "aggregates": {
        "avgPerChunk": 15.2843949044847,
        "medianPerChunk": 15.300000000745058,
        "p95PerChunk": 15.899999998509884,
        "p99PerChunk": 16.199999999254942,
        "maxNodes": 144,
        "finalNodes": 144,
        "finalHtmlLength": 2217
      },
      "summary": {
        "totalMs": 5228.199999999255,
        "totalRenderMs": 4799.300000008196,
        "chunks": 314
      }
    },
    {
      "file": "run-complex-vhtml-c5-d1-r6.json",
      "fixture": "complex",
      "renderer": "vhtml",
      "chunkSize": 5,
      "delay": 1,
      "repeat": 6,
      "aggregates": {
        "avgPerChunk": 15.278025477744972,
        "medianPerChunk": 15.300000000745058,
        "p95PerChunk": 16,
        "p99PerChunk": 16.200000002980232,
        "maxNodes": 144,
        "finalNodes": 144,
        "finalHtmlLength": 2217
      },
      "summary": {
        "totalMs": 5235,
        "totalRenderMs": 4797.300000011921,
        "chunks": 314
      }
    },
    {
      "file": "run-complex-vhtml-c5-d1-r7.json",
      "fixture": "complex",
      "renderer": "vhtml",
      "chunkSize": 5,
      "delay": 1,
      "repeat": 7,
      "aggregates": {
        "avgPerChunk": 15.267834394766837,
        "medianPerChunk": 15.300000000745058,
        "p95PerChunk": 16,
        "p99PerChunk": 16.200000002980232,
        "maxNodes": 144,
        "finalNodes": 144,
        "finalHtmlLength": 2217
      },
      "summary": {
        "totalMs": 5227.5,
        "totalRenderMs": 4794.099999956787,
        "chunks": 314
      }
    },
    {
      "file": "run-complex-vhtml-c5-d1-r8.json",
      "fixture": "complex",
      "renderer": "vhtml",
      "chunkSize": 5,
      "delay": 1,
      "repeat": 8,
      "aggregates": {
        "avgPerChunk": 15.301910828182082,
        "medianPerChunk": 15.399999998509884,
        "p95PerChunk": 16.100000001490116,
        "p99PerChunk": 16.199999999254942,
        "maxNodes": 144,
        "finalNodes": 144,
        "finalHtmlLength": 2217
      },
      "summary": {
        "totalMs": 5229.5,
        "totalRenderMs": 4804.800000049174,
        "chunks": 314
      }
    },
    {
      "file": "run-complex-vhtml-c5-d1-r9.json",
      "fixture": "complex",
      "renderer": "vhtml",
      "chunkSize": 5,
      "delay": 1,
      "repeat": 9,
      "aggregates": {
        "avgPerChunk": 15.275796178289374,
        "medianPerChunk": 15.300000000745058,
        "p95PerChunk": 16,
        "p99PerChunk": 16.299999997019768,
        "maxNodes": 144,
        "finalNodes": 144,
        "finalHtmlLength": 2217
      },
      "summary": {
        "totalMs": 5226.699999999255,
        "totalRenderMs": 4796.599999982864,
        "chunks": 314
      }
    },
    {
      "file": "run-complex-mio-c5-d1-r0.json",
      "fixture": "complex",
      "renderer": "mio",
      "chunkSize": 5,
      "delay": 1,
      "repeat": 0,
      "aggregates": {
        "avgPerChunk": 15.247770700627452,
        "medianPerChunk": 15.300000000745058,
        "p95PerChunk": 16,
        "p99PerChunk": 16.300000000745058,
        "maxNodes": 144,
        "finalNodes": 144,
        "finalHtmlLength": 2269
      },
      "summary": {
        "totalMs": 5228.89999999851,
        "totalRenderMs": 4787.79999999702,
        "chunks": 314
      }
    },
    {
      "file": "run-complex-mio-c5-d1-r1.json",
      "fixture": "complex",
      "renderer": "mio",
      "chunkSize": 5,
      "delay": 1,
      "repeat": 1,
      "aggregates": {
        "avgPerChunk": 15.290764331224429,
        "medianPerChunk": 15.300000000745058,
        "p95PerChunk": 16.099999997764826,
        "p99PerChunk": 16.300000000745058,
        "maxNodes": 144,
        "finalNodes": 144,
        "finalHtmlLength": 2269
      },
      "summary": {
        "totalMs": 5230.60000000149,
        "totalRenderMs": 4801.30000000447,
        "chunks": 314
      }
    },
    {
      "file": "run-complex-mio-c5-d1-r2.json",
      "fixture": "complex",
      "renderer": "mio",
      "chunkSize": 5,
      "delay": 1,
      "repeat": 2,
      "aggregates": {
        "avgPerChunk": 15.259554140115524,
        "medianPerChunk": 15.300000000745058,
        "p95PerChunk": 16.100000001490116,
        "p99PerChunk": 16.300000000745058,
        "maxNodes": 144,
        "finalNodes": 144,
        "finalHtmlLength": 2269
      },
      "summary": {
        "totalMs": 5227.199999999255,
        "totalRenderMs": 4791.499999996275,
        "chunks": 314
      }
    },
    {
      "file": "run-complex-mio-c5-d1-r3.json",
      "fixture": "complex",
      "renderer": "mio",
      "chunkSize": 5,
      "delay": 1,